{
	"title" : "CV Erlangga Raka Satria",
	"bio" : {
		"name" : "Erlangga Raka Satria",
		"nim" : "1301164702",
		"job" : "Web Programmer",
		"address" : "Jalan Umayah 1",
		"email" : "erlanggarakas@student.telkomuniversity.ac.id",
		"TTL" : "Garut 22 agustus 1998", 
		"phone" : "+6282119214511" ,
		"profile" : "Saya Seorang Kapiten",
	"sosmed" : {
		"Twitter" : "@erlangga_rakas",
		"ig" : "@erlanggarsatria",
		"Facebook" : "Erlangga Raka Satria",
	"prof_pict" : {
		"" : "",
	"educations" : {
		"SD" : "SD REGOL XIII",
		"start_SD": "2004",
		"end_SD": "2010",
		"SMP": "SMP 2 GARUT",
		"start_SMP":"2010",
		"end_SMP": "2013",
		"SMA": "SMA 11 GARUT",
		"start_SMA":"2013",
		"end_SMA": "2016",
		"COLLEGE": "TELKOM UNIVERSITY",
		"start_SMA": "2016",
		"end_SMA": "2020"
				}
			}
		}
	} 
}